{"sac": {"total_energy_cost": 2148.7469947580526, "total_export_revenue": 0.22805279179232713, "net_cost": 2148.51894196626, "peak_grid_import": 66.40328401265401, "avg_grid_import": 35.44340453939432, "total_reward": -3675.670079393274, "total_violations": 0.0, "total_degradation": 20.477381409783113, "renewable_ratio": 0.29485588064562035, "avg_soc_pct": 40.678307985086505, "steps": 335}, "dqn": {"total_energy_cost": 2147.8143590179643, "total_export_revenue": 0.0, "net_cost": 2147.8143590179643, "peak_grid_import": 73.8481711739089, "avg_grid_import": 35.55733847931149, "total_reward": -40823.776204506066, "total_violations": 37400.32894736842, "total_degradation": 7.508388157894739, "renewable_ratio": 0.29485588064562035, "avg_soc_pct": 89.36223487824037, "steps": 335}, "ppo": {"total_energy_cost": 2167.652031416684, "total_export_revenue": 0.0, "net_cost": 2167.652031416684, "peak_grid_import": 61.99957844457075, "avg_grid_import": 35.608104386617065, "total_reward": -16204.018721261327, "total_violations": 12868.836586014368, "total_degradation": 0.225, "renewable_ratio": 0.29485588064562035, "avg_soc_pct": 93.93072304730094, "steps": 335}, "rule_based": {"total_energy_cost": 2118.5009001481594, "total_export_revenue": 1.6983948421059294, "net_cost": 2116.8025053060533, "peak_grid_import": 74.16649357071563, "avg_grid_import": 35.45364267262281, "total_reward": -4716.386908411748, "total_violations": 1156.9731337459496, "total_degradation": 6.298750104755163, "renewable_ratio": 0.29485588064562035, "avg_soc_pct": 34.04634852754208, "steps": 335}, "naive": {"total_energy_cost": 2160.556698626224, "total_export_revenue": 0.0, "net_cost": 2160.556698626224, "peak_grid_import": 61.97317117390889, "avg_grid_import": 35.47377602840811, "total_reward": -3322.7507482148435, "total_violations": 0.0, "total_degradation": 0.0, "renewable_ratio": 0.29485588064562035, "avg_soc_pct": 50.0, "steps": 335}}