{"total_energy_cost": 2143.8142678638446, "total_export_revenue": 0.0, "net_cost": 2143.8142678638446, "peak_grid_import": 62.327592616358274, "avg_grid_import": 35.41488555855251, "total_reward": -3297.310587202031, "total_violations": 0.0, "total_degradation": 0.0, "renewable_ratio": 0.29357983144764394, "avg_soc_pct": 50.0, "steps": 335}