{"total_energy_cost": 2131.620901749961, "total_export_revenue": 0.057104406742058515, "net_cost": 2131.5637973432185, "peak_grid_import": 67.5095488330512, "avg_grid_import": 35.382658498362495, "total_reward": -3616.6939427608777, "total_violations": 0.0, "total_degradation": 19.83405562294157, "renewable_ratio": 0.29357983144764394, "avg_soc_pct": 40.57696171426804, "steps": 335}